sat_id,epoch_utc,epoch_utc_arrive,data_age_ms
LEO_P5_S2,2025-01-01T00:01:04.000000Z,2025-01-01T00:01:04.013170Z,13.16976547241211
LEO_P5_S2,2025-01-01T00:01:05.000000Z,2025-01-01T00:01:05.013202Z,13.201713562011719
LEO_P5_S2,2025-01-01T00:01:06.000000Z,2025-01-01T00:01:06.013234Z,13.23390007019043
LEO_P5_S2,2025-01-01T00:01:07.000000Z,2025-01-01T00:01:07.013266Z,13.266324996948242
LEO_P5_S2,2025-01-01T00:01:08.000000Z,2025-01-01T00:01:08.013299Z,13.298749923706055
LEO_P5_S2,2025-01-01T00:01:09.000000Z,2025-01-01T00:01:09.013331Z,13.330698013305664
LEO_P5_S2,2025-01-01T00:01:10.000000Z,2025-01-01T00:01:10.013362Z,13.361692428588867
LEO_P5_S2,2025-01-01T00:01:11.000000Z,2025-01-01T00:01:11.013393Z,13.392925262451172
LEO_P5_S2,2025-01-01T00:01:12.000000Z,2025-01-01T00:01:12.013424Z,13.424158096313477
LEO_P5_S2,2025-01-01T00:01:13.000000Z,2025-01-01T00:01:13.008168Z,8.168220520019531
LEO_P5_S2,2025-01-01T00:01:14.000000Z,2025-01-01T00:01:14.008157Z,8.15725326538086
LEO_P5_S2,2025-01-01T00:01:15.000000Z,2025-01-01T00:01:15.008146Z,8.146047592163086
LEO_P5_S2,2025-01-01T00:01:16.000000Z,2025-01-01T00:01:16.008135Z,8.135318756103516
LEO_P5_S2,2025-01-01T00:01:17.000000Z,2025-01-01T00:01:17.008124Z,8.124351501464844
LEO_P5_S2,2025-01-01T00:01:18.000000Z,2025-01-01T00:01:18.008114Z,8.113622665405273
LEO_P5_S2,2025-01-01T00:01:19.000000Z,2025-01-01T00:01:19.008103Z,8.102893829345703
LEO_P5_S2,2025-01-01T00:01:20.000000Z,2025-01-01T00:01:20.008092Z,8.092164993286133
LEO_P5_S2,2025-01-01T00:01:21.000000Z,2025-01-01T00:01:21.008081Z,8.081436157226562
LEO_P5_S2,2025-01-01T00:01:22.000000Z,2025-01-01T00:01:22.008071Z,8.070945739746094
LEO_P5_S2,2025-01-01T00:01:23.000000Z,2025-01-01T00:01:23.008060Z,8.060455322265625
LEO_P5_S2,2025-01-01T00:01:24.000000Z,2025-01-01T00:01:24.008050Z,8.049964904785156
LEO_P5_S2,2025-01-01T00:01:25.000000Z,2025-01-01T00:01:25.008039Z,8.039474487304688
LEO_P5_S2,2025-01-01T00:01:26.000000Z,2025-01-01T00:01:26.008029Z,8.02922248840332
LEO_P5_S2,2025-01-01T00:01:27.000000Z,2025-01-01T00:01:27.008019Z,8.018970489501953
LEO_P5_S2,2025-01-01T00:01:28.000000Z,2025-01-01T00:01:28.008009Z,8.008718490600586
LEO_P5_S2,2025-01-01T00:01:29.000000Z,2025-01-01T00:01:29.007999Z,7.99870491027832
LEO_P5_S2,2025-01-01T00:01:30.000000Z,2025-01-01T00:01:30.007988Z,7.988452911376953
LEO_P5_S2,2025-01-01T00:01:31.000000Z,2025-01-01T00:01:31.007978Z,7.9784393310546875
LEO_P5_S2,2025-01-01T00:01:32.000000Z,2025-01-01T00:01:32.007968Z,7.968425750732422
LEO_P5_S2,2025-01-01T00:01:33.000000Z,2025-01-01T00:01:33.007959Z,7.958650588989258
LEO_P5_S2,2025-01-01T00:01:34.000000Z,2025-01-01T00:01:34.007949Z,7.948875427246094
LEO_P5_S2,2025-01-01T00:01:35.000000Z,2025-01-01T00:01:35.007939Z,7.93910026550293
LEO_P5_S2,2025-01-01T00:01:36.000000Z,2025-01-01T00:01:36.007929Z,7.929325103759766
LEO_P5_S2,2025-01-01T00:01:37.000000Z,2025-01-01T00:01:37.007920Z,7.919788360595703
LEO_P5_S2,2025-01-01T00:01:38.000000Z,2025-01-01T00:01:38.007910Z,7.910013198852539
LEO_P5_S2,2025-01-01T00:01:39.000000Z,2025-01-01T00:01:39.007900Z,7.900476455688477
LEO_P5_S2,2025-01-01T00:01:40.000000Z,2025-01-01T00:01:40.007891Z,7.891178131103516
LEO_P5_S2,2025-01-01T00:01:41.000000Z,2025-01-01T00:01:41.007882Z,7.881641387939453
LEO_P5_S2,2025-01-01T00:01:42.000000Z,2025-01-01T00:01:42.007872Z,7.872343063354492
LEO_P5_S2,2025-01-01T00:01:43.000000Z,2025-01-01T00:01:43.007863Z,7.863044738769531
LEO_P5_S2,2025-01-01T00:01:44.000000Z,2025-01-01T00:01:44.007854Z,7.853984832763672
LEO_P5_S2,2025-01-01T00:01:45.000000Z,2025-01-01T00:01:45.007845Z,7.8449249267578125
LEO_P5_S2,2025-01-01T00:01:46.000000Z,2025-01-01T00:01:46.007836Z,7.835865020751953
LEO_P5_S2,2025-01-01T00:01:47.000000Z,2025-01-01T00:01:47.007827Z,7.826805114746094
LEO_P5_S2,2025-01-01T00:01:48.000000Z,2025-01-01T00:01:48.007818Z,7.817745208740234
LEO_P5_S2,2025-01-01T00:01:49.000000Z,2025-01-01T00:01:49.007809Z,7.808923721313477
LEO_P5_S2,2025-01-01T00:01:50.000000Z,2025-01-01T00:01:50.007800Z,7.800102233886719
LEO_P5_S2,2025-01-01T00:01:51.000000Z,2025-01-01T00:01:51.007792Z,7.7915191650390625
LEO_P5_S2,2025-01-01T00:01:52.000000Z,2025-01-01T00:01:52.007783Z,7.782697677612305
LEO_P5_S2,2025-01-01T00:01:53.000000Z,2025-01-01T00:01:53.007774Z,7.774114608764648
LEO_P5_S2,2025-01-01T00:01:54.000000Z,2025-01-01T00:01:54.007766Z,7.765531539916992
LEO_P5_S2,2025-01-01T00:01:55.000000Z,2025-01-01T00:01:55.007757Z,7.7571868896484375
LEO_P5_S2,2025-01-01T00:01:56.000000Z,2025-01-01T00:01:56.007749Z,7.748842239379883
LEO_P5_S2,2025-01-01T00:01:57.000000Z,2025-01-01T00:01:57.007740Z,7.740497589111328
LEO_P5_S2,2025-01-01T00:01:58.000000Z,2025-01-01T00:01:58.007732Z,7.732152938842773
LEO_P5_S2,2025-01-01T00:01:59.000000Z,2025-01-01T00:01:59.007723Z,7.723331451416016
LEO_P5_S2,2025-01-01T00:02:00.000000Z,2025-01-01T00:02:00.007715Z,7.714509963989258
LEO_P5_S2,2025-01-01T00:02:01.000000Z,2025-01-01T00:02:01.007706Z,7.705926895141602
LEO_P5_S2,2025-01-01T00:02:02.000000Z,2025-01-01T00:02:02.007697Z,7.697343826293945
LEO_P5_S2,2025-01-01T00:02:03.000000Z,2025-01-01T00:02:03.007689Z,7.688760757446289
LEO_P5_S2,2025-01-01T00:02:04.000000Z,2025-01-01T00:02:04.007680Z,7.680177688598633
LEO_P5_S2,2025-01-01T00:02:05.000000Z,2025-01-01T00:02:05.007672Z,7.671594619750977
LEO_P5_S2,2025-01-01T00:02:06.000000Z,2025-01-01T00:02:06.007663Z,7.663249969482422
LEO_P5_S2,2025-01-01T00:02:07.000000Z,2025-01-01T00:02:07.007655Z,7.654905319213867
LEO_P5_S2,2025-01-01T00:02:08.000000Z,2025-01-01T00:02:08.007647Z,7.646799087524414
LEO_P5_S2,2025-01-01T00:02:09.000000Z,2025-01-01T00:02:09.007638Z,7.638454437255859
LEO_P5_S2,2025-01-01T00:02:10.000000Z,2025-01-01T00:02:10.007630Z,7.630348205566406
LEO_P5_S2,2025-01-01T00:02:11.000000Z,2025-01-01T00:02:11.007622Z,7.622241973876953
LEO_P5_S2,2025-01-01T00:02:12.000000Z,2025-01-01T00:02:12.007614Z,7.614374160766602
LEO_P5_S2,2025-01-01T00:02:13.000000Z,2025-01-01T00:02:13.007607Z,7.60650634765625
LEO_P5_S2,2025-01-01T00:02:14.000000Z,2025-01-01T00:02:14.007599Z,7.598638534545898
LEO_P5_S2,2025-01-01T00:02:15.000000Z,2025-01-01T00:02:15.007591Z,7.590770721435547
LEO_P5_S2,2025-01-01T00:02:16.000000Z,2025-01-01T00:02:16.007583Z,7.582902908325195
LEO_P5_S2,2025-01-01T00:02:17.000000Z,2025-01-01T00:02:17.007575Z,7.575273513793945
LEO_P5_S2,2025-01-01T00:02:18.000000Z,2025-01-01T00:02:18.007568Z,7.567644119262695
LEO_P5_S2,2025-01-01T00:02:19.000000Z,2025-01-01T00:02:19.007560Z,7.560253143310547
LEO_P5_S2,2025-01-01T00:02:20.000000Z,2025-01-01T00:02:20.007553Z,7.552623748779297
LEO_P5_S2,2025-01-01T00:02:21.000000Z,2025-01-01T00:02:21.007545Z,7.545232772827148
LEO_P5_S2,2025-01-01T00:02:22.000000Z,2025-01-01T00:02:22.007538Z,7.538080215454102
LEO_P5_S2,2025-01-01T00:02:23.000000Z,2025-01-01T00:02:23.007531Z,7.530689239501953
LEO_P5_S2,2025-01-01T00:02:24.000000Z,2025-01-01T00:02:24.007524Z,7.523536682128906
LEO_P5_S2,2025-01-01T00:02:25.000000Z,2025-01-01T00:02:25.007516Z,7.516384124755859
LEO_P5_S2,2025-01-01T00:02:26.000000Z,2025-01-01T00:02:26.007509Z,7.5092315673828125
LEO_P5_S2,2025-01-01T00:02:27.000000Z,2025-01-01T00:02:27.007502Z,7.502317428588867
LEO_P5_S2,2025-01-01T00:02:28.000000Z,2025-01-01T00:02:28.007495Z,7.495403289794922
LEO_P5_S2,2025-01-01T00:02:29.000000Z,2025-01-01T00:02:29.007488Z,7.488489151000977
LEO_P5_S2,2025-01-01T00:02:30.000000Z,2025-01-01T00:02:30.007482Z,7.481813430786133
LEO_P5_S2,2025-01-01T00:02:31.000000Z,2025-01-01T00:02:31.007475Z,7.475137710571289
LEO_P5_S2,2025-01-01T00:02:32.000000Z,2025-01-01T00:02:32.007468Z,7.468461990356445
LEO_P5_S2,2025-01-01T00:02:33.000000Z,2025-01-01T00:02:33.007462Z,7.461786270141602
LEO_P5_S2,2025-01-01T00:02:34.000000Z,2025-01-01T00:02:34.007455Z,7.455348968505859
LEO_P5_S2,2025-01-01T00:02:35.000000Z,2025-01-01T00:02:35.007449Z,7.448911666870117
LEO_P5_S2,2025-01-01T00:02:36.000000Z,2025-01-01T00:02:36.007442Z,7.442474365234375
LEO_P5_S2,2025-01-01T00:02:37.000000Z,2025-01-01T00:02:37.007436Z,7.436275482177734
LEO_P5_S2,2025-01-01T00:02:38.000000Z,2025-01-01T00:02:38.007430Z,7.430076599121094
LEO_P5_S2,2025-01-01T00:02:39.000000Z,2025-01-01T00:02:39.007424Z,7.423877716064453
LEO_P5_S2,2025-01-01T00:02:40.000000Z,2025-01-01T00:02:40.007418Z,7.4176788330078125
LEO_P5_S2,2025-01-01T00:02:41.000000Z,2025-01-01T00:02:41.007412Z,7.411718368530273
LEO_P5_S2,2025-01-01T00:02:42.000000Z,2025-01-01T00:02:42.007406Z,7.405757904052734
LEO_P5_S2,2025-01-01T00:02:43.000000Z,2025-01-01T00:02:43.007400Z,7.400035858154297
LEO_P5_S2,2025-01-01T00:02:44.000000Z,2025-01-01T00:02:44.007394Z,7.394075393676758
LEO_P5_S2,2025-01-01T00:02:45.000000Z,2025-01-01T00:02:45.007388Z,7.38835334777832
LEO_P5_S2,2025-01-01T00:02:46.000000Z,2025-01-01T00:02:46.007383Z,7.382869720458984
LEO_P5_S2,2025-01-01T00:02:47.000000Z,2025-01-01T00:02:47.007377Z,7.377147674560547
LEO_P5_S2,2025-01-01T00:02:48.000000Z,2025-01-01T00:02:48.007372Z,7.371664047241211
LEO_P5_S2,2025-01-01T00:02:49.000000Z,2025-01-01T00:02:49.007366Z,7.366180419921875
LEO_P5_S2,2025-01-01T00:02:50.000000Z,2025-01-01T00:02:50.007360Z,7.360219955444336
LEO_P5_S2,2025-01-01T00:02:51.000000Z,2025-01-01T00:02:51.007354Z,7.354259490966797
LEO_P5_S2,2025-01-01T00:02:52.000000Z,2025-01-01T00:02:52.007348Z,7.348299026489258
LEO_P5_S2,2025-01-01T00:02:53.000000Z,2025-01-01T00:02:53.007342Z,7.342338562011719
LEO_P5_S2,2025-01-01T00:02:54.000000Z,2025-01-01T00:02:54.007336Z,7.33637809753418
LEO_P5_S2,2025-01-01T00:02:55.000000Z,2025-01-01T00:02:55.007331Z,7.330656051635742
LEO_P5_S2,2025-01-01T00:02:56.000000Z,2025-01-01T00:02:56.007325Z,7.325172424316406
LEO_P5_S2,2025-01-01T00:02:57.000000Z,2025-01-01T00:02:57.007319Z,7.319450378417969
LEO_P5_S2,2025-01-01T00:02:58.000000Z,2025-01-01T00:02:58.007314Z,7.313966751098633
LEO_P5_S2,2025-01-01T00:02:59.000000Z,2025-01-01T00:02:59.007308Z,7.308483123779297
LEO_P5_S2,2025-01-01T00:03:00.000000Z,2025-01-01T00:03:00.007303Z,7.302999496459961
LEO_P5_S2,2025-01-01T00:03:01.000000Z,2025-01-01T00:03:01.007298Z,7.297754287719727
LEO_P5_S2,2025-01-01T00:03:02.000000Z,2025-01-01T00:03:02.007293Z,7.292509078979492
LEO_P5_S2,2025-01-01T00:03:03.000000Z,2025-01-01T00:03:03.007287Z,7.287263870239258
LEO_P5_S2,2025-01-01T00:03:04.000000Z,2025-01-01T00:03:04.007282Z,7.282018661499023
LEO_P5_S2,2025-01-01T00:03:05.000000Z,2025-01-01T00:03:05.007277Z,7.277011871337891
LEO_P5_S2,2025-01-01T00:03:06.000000Z,2025-01-01T00:03:06.007272Z,7.272005081176758
LEO_P5_S2,2025-01-01T00:03:07.000000Z,2025-01-01T00:03:07.007267Z,7.267236709594727
LEO_P5_S2,2025-01-01T00:03:08.000000Z,2025-01-01T00:03:08.007262Z,7.262229919433594
LEO_P5_S2,2025-01-01T00:03:09.000000Z,2025-01-01T00:03:09.007257Z,7.2574615478515625
LEO_P5_S2,2025-01-01T00:03:10.000000Z,2025-01-01T00:03:10.007253Z,7.252693176269531
LEO_P5_S2,2025-01-01T00:03:11.000000Z,2025-01-01T00:03:11.007248Z,7.248163223266602
LEO_P5_S2,2025-01-01T00:03:12.000000Z,2025-01-01T00:03:12.007244Z,7.243633270263672
LEO_P5_S2,2025-01-01T00:03:13.000000Z,2025-01-01T00:03:13.007239Z,7.239103317260742
LEO_P5_S2,2025-01-01T00:03:14.000000Z,2025-01-01T00:03:14.007235Z,7.2345733642578125
LEO_P5_S2,2025-01-01T00:03:15.000000Z,2025-01-01T00:03:15.007230Z,7.230281829833984
LEO_P5_S2,2025-01-01T00:03:16.000000Z,2025-01-01T00:03:16.007226Z,7.225990295410156
LEO_P5_S2,2025-01-01T00:03:17.000000Z,2025-01-01T00:03:17.007222Z,7.221698760986328
LEO_P5_S2,2025-01-01T00:03:18.000000Z,2025-01-01T00:03:18.007218Z,7.217645645141602
LEO_P5_S2,2025-01-01T00:03:19.000000Z,2025-01-01T00:03:19.007214Z,7.213592529296875
LEO_P5_S2,2025-01-01T00:03:20.000000Z,2025-01-01T00:03:20.007210Z,7.209539413452148
LEO_P5_S2,2025-01-01T00:03:21.000000Z,2025-01-01T00:03:21.007206Z,7.205724716186523
LEO_P5_S2,2025-01-01T00:03:22.000000Z,2025-01-01T00:03:22.007202Z,7.201910018920898
LEO_P5_S2,2025-01-01T00:03:23.000000Z,2025-01-01T00:03:23.007198Z,7.198095321655273
LEO_P5_S2,2025-01-01T00:03:24.000000Z,2025-01-01T00:03:24.007194Z,7.194280624389648
LEO_P5_S2,2025-01-01T00:03:25.000000Z,2025-01-01T00:03:25.007191Z,7.190704345703125
LEO_P5_S2,2025-01-01T00:03:26.000000Z,2025-01-01T00:03:26.007187Z,7.187128067016602
LEO_P5_S2,2025-01-01T00:03:27.000000Z,2025-01-01T00:03:27.007184Z,7.183551788330078
LEO_P5_S2,2025-01-01T00:03:28.000000Z,2025-01-01T00:03:28.007180Z,7.180213928222656
LEO_P5_S2,2025-01-01T00:03:29.000000Z,2025-01-01T00:03:29.007177Z,7.176876068115234
LEO_P5_S2,2025-01-01T00:03:30.000000Z,2025-01-01T00:03:30.007174Z,7.1735382080078125
LEO_P5_S2,2025-01-01T00:03:31.000000Z,2025-01-01T00:03:31.007170Z,7.170438766479492
LEO_P5_S2,2025-01-01T00:03:32.000000Z,2025-01-01T00:03:32.007167Z,7.167339324951172
LEO_P5_S2,2025-01-01T00:03:33.000000Z,2025-01-01T00:03:33.007164Z,7.164239883422852
LEO_P5_S2,2025-01-01T00:03:34.000000Z,2025-01-01T00:03:34.007161Z,7.161378860473633
LEO_P5_S2,2025-01-01T00:03:35.000000Z,2025-01-01T00:03:35.007158Z,7.1582794189453125
LEO_P5_S2,2025-01-01T00:03:36.000000Z,2025-01-01T00:03:36.007156Z,7.155656814575195
LEO_P5_S2,2025-01-01T00:03:37.000000Z,2025-01-01T00:03:37.007153Z,7.152795791625977
LEO_P5_S2,2025-01-01T00:03:38.000000Z,2025-01-01T00:03:38.007150Z,7.150173187255859
LEO_P5_S2,2025-01-01T00:03:39.000000Z,2025-01-01T00:03:39.007148Z,7.147550582885742
LEO_P5_S2,2025-01-01T00:03:40.000000Z,2025-01-01T00:03:40.007145Z,7.144927978515625
LEO_P5_S2,2025-01-01T00:03:41.000000Z,2025-01-01T00:03:41.007143Z,7.142543792724609
LEO_P5_S2,2025-01-01T00:03:42.000000Z,2025-01-01T00:03:42.007139Z,7.139444351196289
LEO_P5_S2,2025-01-01T00:03:43.000000Z,2025-01-01T00:03:43.007136Z,7.136344909667969
LEO_P5_S2,2025-01-01T00:03:44.000000Z,2025-01-01T00:03:44.007133Z,7.133245468139648
LEO_P5_S2,2025-01-01T00:03:45.000000Z,2025-01-01T00:03:45.007130Z,7.13038444519043
LEO_P5_S2,2025-01-01T00:03:46.000000Z,2025-01-01T00:03:46.007128Z,7.127523422241211
LEO_P5_S2,2025-01-01T00:03:47.000000Z,2025-01-01T00:03:47.007125Z,7.124662399291992
LEO_P5_S2,2025-01-01T00:03:48.000000Z,2025-01-01T00:03:48.007122Z,7.121801376342773
LEO_P5_S2,2025-01-01T00:03:49.000000Z,2025-01-01T00:03:49.007119Z,7.119178771972656
LEO_P5_S2,2025-01-01T00:03:50.000000Z,2025-01-01T00:03:50.007117Z,7.116556167602539
LEO_P5_S2,2025-01-01T00:03:51.000000Z,2025-01-01T00:03:51.007114Z,7.113933563232422
LEO_P5_S2,2025-01-01T00:03:52.000000Z,2025-01-01T00:03:52.007112Z,7.111549377441406
LEO_P5_S2,2025-01-01T00:03:53.000000Z,2025-01-01T00:03:53.007109Z,7.108926773071289
LEO_P5_S2,2025-01-01T00:03:54.000000Z,2025-01-01T00:03:54.007107Z,7.106781005859375
LEO_P5_S2,2025-01-01T00:03:55.000000Z,2025-01-01T00:03:55.007104Z,7.104396820068359
LEO_P5_S2,2025-01-01T00:03:56.000000Z,2025-01-01T00:03:56.007102Z,7.102251052856445
LEO_P5_S2,2025-01-01T00:03:57.000000Z,2025-01-01T00:03:57.007100Z,7.100105285644531
LEO_P5_S2,2025-01-01T00:03:58.000000Z,2025-01-01T00:03:58.007098Z,7.097959518432617
LEO_P5_S2,2025-01-01T00:03:59.000000Z,2025-01-01T00:03:59.007096Z,7.096052169799805
LEO_P5_S2,2025-01-01T00:04:00.000000Z,2025-01-01T00:04:00.007094Z,7.094144821166992
LEO_P5_S2,2025-01-01T00:04:01.000000Z,2025-01-01T00:04:01.007092Z,7.09223747253418
LEO_P5_S2,2025-01-01T00:04:02.000000Z,2025-01-01T00:04:02.007090Z,7.090330123901367
LEO_P5_S2,2025-01-01T00:04:03.000000Z,2025-01-01T00:04:03.007089Z,7.088661193847656
LEO_P5_S2,2025-01-01T00:04:04.000000Z,2025-01-01T00:04:04.007087Z,7.086992263793945
LEO_P5_S2,2025-01-01T00:04:05.000000Z,2025-01-01T00:04:05.007086Z,7.085561752319336
LEO_P5_S2,2025-01-01T00:04:06.000000Z,2025-01-01T00:04:06.007084Z,7.083892822265625
LEO_P5_S2,2025-01-01T00:04:07.000000Z,2025-01-01T00:04:07.007082Z,7.082462310791016
LEO_P5_S2,2025-01-01T00:04:08.000000Z,2025-01-01T00:04:08.007081Z,7.081270217895508
LEO_P5_S2,2025-01-01T00:04:09.000000Z,2025-01-01T00:04:09.007080Z,7.079839706420898
LEO_P5_S2,2025-01-01T00:04:10.000000Z,2025-01-01T00:04:10.007079Z,7.078647613525391
LEO_P5_S2,2025-01-01T00:04:11.000000Z,2025-01-01T00:04:11.007077Z,7.077455520629883
LEO_P5_S2,2025-01-01T00:04:12.000000Z,2025-01-01T00:04:12.007077Z,7.076501846313477
LEO_P5_S2,2025-01-01T00:04:13.000000Z,2025-01-01T00:04:13.007076Z,7.07554817199707
LEO_P5_S2,2025-01-01T00:04:14.000000Z,2025-01-01T00:04:14.007075Z,7.074594497680664
LEO_P5_S2,2025-01-01T00:04:15.000000Z,2025-01-01T00:04:15.007074Z,7.073640823364258
LEO_P5_S2,2025-01-01T00:04:16.000000Z,2025-01-01T00:04:16.007073Z,7.072925567626953
LEO_P5_S2,2025-01-01T00:04:17.000000Z,2025-01-01T00:04:17.007072Z,7.072210311889648
LEO_P5_S2,2025-01-01T00:04:18.000000Z,2025-01-01T00:04:18.007071Z,7.071495056152344
LEO_P5_S2,2025-01-01T00:04:19.000000Z,2025-01-01T00:04:19.007071Z,7.071018218994141
LEO_P5_S2,2025-01-01T00:04:20.000000Z,2025-01-01T00:04:20.007071Z,7.0705413818359375
LEO_P5_S2,2025-01-01T00:04:21.000000Z,2025-01-01T00:04:21.007070Z,7.070064544677734
LEO_P5_S2,2025-01-01T00:04:22.000000Z,2025-01-01T00:04:22.007070Z,7.069587707519531
LEO_P5_S2,2025-01-01T00:04:23.000000Z,2025-01-01T00:04:23.007069Z,7.06934928894043
LEO_P5_S2,2025-01-01T00:04:24.000000Z,2025-01-01T00:04:24.007069Z,7.069110870361328
LEO_P5_S2,2025-01-01T00:04:25.000000Z,2025-01-01T00:04:25.007069Z,7.069110870361328
LEO_P5_S2,2025-01-01T00:04:26.000000Z,2025-01-01T00:04:26.007069Z,7.068872451782227
LEO_P5_S2,2025-01-01T00:04:27.000000Z,2025-01-01T00:04:27.007069Z,7.068872451782227
LEO_P5_S2,2025-01-01T00:04:28.000000Z,2025-01-01T00:04:28.007069Z,7.068872451782227
LEO_P5_S2,2025-01-01T00:04:29.000000Z,2025-01-01T00:04:29.007069Z,7.069110870361328
LEO_P5_S2,2025-01-01T00:04:30.000000Z,2025-01-01T00:04:30.007069Z,7.06934928894043
LEO_P5_S2,2025-01-01T00:04:31.000000Z,2025-01-01T00:04:31.007070Z,7.069587707519531
LEO_P5_S2,2025-01-01T00:04:32.000000Z,2025-01-01T00:04:32.007070Z,7.070064544677734
LEO_P5_S2,2025-01-01T00:04:33.000000Z,2025-01-01T00:04:33.007070Z,7.070302963256836
LEO_P5_S2,2025-01-01T00:04:34.000000Z,2025-01-01T00:04:34.007071Z,7.071018218994141
LEO_P5_S2,2025-01-01T00:04:35.000000Z,2025-01-01T00:04:35.007071Z,7.071256637573242
LEO_P5_S2,2025-01-01T00:04:36.000000Z,2025-01-01T00:04:36.007071Z,7.071018218994141
LEO_P5_S2,2025-01-01T00:04:37.000000Z,2025-01-01T00:04:37.007071Z,7.071018218994141
LEO_P5_S2,2025-01-01T00:04:38.000000Z,2025-01-01T00:04:38.007071Z,7.070779800415039
LEO_P5_S2,2025-01-01T00:04:39.000000Z,2025-01-01T00:04:39.007071Z,7.070779800415039
LEO_P5_S2,2025-01-01T00:04:40.000000Z,2025-01-01T00:04:40.007071Z,7.070779800415039
LEO_P5_S2,2025-01-01T00:04:41.000000Z,2025-01-01T00:04:41.007071Z,7.071018218994141
LEO_P5_S2,2025-01-01T00:04:42.000000Z,2025-01-01T00:04:42.007071Z,7.071018218994141
LEO_P5_S2,2025-01-01T00:04:43.000000Z,2025-01-01T00:04:43.007071Z,7.071256637573242
LEO_P5_S2,2025-01-01T00:04:44.000000Z,2025-01-01T00:04:44.007072Z,7.071733474731445
LEO_P5_S2,2025-01-01T00:04:45.000000Z,2025-01-01T00:04:45.007072Z,7.071971893310547
LEO_P5_S2,2025-01-01T00:04:46.000000Z,2025-01-01T00:04:46.007072Z,7.07244873046875
LEO_P5_S2,2025-01-01T00:04:47.000000Z,2025-01-01T00:04:47.007073Z,7.072925567626953
LEO_P5_S2,2025-01-01T00:04:48.000000Z,2025-01-01T00:04:48.007074Z,7.073640823364258
LEO_P5_S2,2025-01-01T00:04:49.000000Z,2025-01-01T00:04:49.007074Z,7.0743560791015625
LEO_P5_S2,2025-01-01T00:04:50.000000Z,2025-01-01T00:04:50.007075Z,7.075071334838867
LEO_P5_S2,2025-01-01T00:04:51.000000Z,2025-01-01T00:04:51.007076Z,7.075786590576172
LEO_P5_S2,2025-01-01T00:04:52.000000Z,2025-01-01T00:04:52.007077Z,7.076501846313477
LEO_P5_S2,2025-01-01T00:04:53.000000Z,2025-01-01T00:04:53.007077Z,7.077455520629883
LEO_P5_S2,2025-01-01T00:04:54.000000Z,2025-01-01T00:04:54.007079Z,7.078647613525391
LEO_P5_S2,2025-01-01T00:04:55.000000Z,2025-01-01T00:04:55.007080Z,7.079601287841797
LEO_P5_S2,2025-01-01T00:04:56.000000Z,2025-01-01T00:04:56.007081Z,7.080793380737305
LEO_P5_S2,2025-01-01T00:04:57.000000Z,2025-01-01T00:04:57.007082Z,7.0819854736328125
LEO_P5_S2,2025-01-01T00:04:58.000000Z,2025-01-01T00:04:58.007083Z,7.08317756652832
LEO_P5_S2,2025-01-01T00:04:59.000000Z,2025-01-01T00:04:59.007085Z,7.08460807800293
LEO_P5_S2,2025-01-01T00:05:00.000000Z,2025-01-01T00:05:00.007086Z,7.0858001708984375
LEO_P5_S2,2025-01-01T00:05:01.000000Z,2025-01-01T00:05:01.007087Z,7.087469100952148
LEO_P5_S2,2025-01-01T00:05:02.000000Z,2025-01-01T00:05:02.007089Z,7.088899612426758
LEO_P5_S2,2025-01-01T00:05:03.000000Z,2025-01-01T00:05:03.007091Z,7.090568542480469
LEO_P5_S2,2025-01-01T00:05:04.000000Z,2025-01-01T00:05:04.007092Z,7.09223747253418
LEO_P5_S2,2025-01-01T00:05:05.000000Z,2025-01-01T00:05:05.007094Z,7.093906402587891
LEO_P5_S2,2025-01-01T00:05:06.000000Z,2025-01-01T00:05:06.007096Z,7.095575332641602
LEO_P5_S2,2025-01-01T00:05:07.000000Z,2025-01-01T00:05:07.007097Z,7.097482681274414
LEO_P5_S2,2025-01-01T00:05:08.000000Z,2025-01-01T00:05:08.007099Z,7.099390029907227
LEO_P5_S2,2025-01-01T00:05:09.000000Z,2025-01-01T00:05:09.007102Z,7.101535797119141
LEO_P5_S2,2025-01-01T00:05:10.000000Z,2025-01-01T00:05:10.007103Z,7.103443145751953
LEO_P5_S2,2025-01-01T00:05:11.000000Z,2025-01-01T00:05:11.007106Z,7.105588912963867
LEO_P5_S2,2025-01-01T00:05:12.000000Z,2025-01-01T00:05:12.007108Z,7.107973098754883
LEO_P5_S2,2025-01-01T00:05:13.000000Z,2025-01-01T00:05:13.007110Z,7.110118865966797
LEO_P5_S2,2025-01-01T00:05:14.000000Z,2025-01-01T00:05:14.007113Z,7.1125030517578125
LEO_P5_S2,2025-01-01T00:05:15.000000Z,2025-01-01T00:05:15.007115Z,7.114887237548828
LEO_P5_S2,2025-01-01T00:05:16.000000Z,2025-01-01T00:05:16.007117Z,7.117271423339844
LEO_P5_S2,2025-01-01T00:05:17.000000Z,2025-01-01T00:05:17.007120Z,7.119894027709961
LEO_P5_S2,2025-01-01T00:05:18.000000Z,2025-01-01T00:05:18.007123Z,7.122516632080078
LEO_P5_S2,2025-01-01T00:05:19.000000Z,2025-01-01T00:05:19.007125Z,7.125139236450195
LEO_P5_S2,2025-01-01T00:05:20.000000Z,2025-01-01T00:05:20.007128Z,7.128000259399414
LEO_P5_S2,2025-01-01T00:05:21.000000Z,2025-01-01T00:05:21.007131Z,7.130622863769531
LEO_P5_S2,2025-01-01T00:05:22.000000Z,2025-01-01T00:05:22.007133Z,7.13348388671875
LEO_P5_S2,2025-01-01T00:05:23.000000Z,2025-01-01T00:05:23.007137Z,7.13658332824707
LEO_P5_S2,2025-01-01T00:05:24.000000Z,2025-01-01T00:05:24.007139Z,7.139444351196289
LEO_P5_S2,2025-01-01T00:05:25.000000Z,2025-01-01T00:05:25.007143Z,7.142543792724609
LEO_P5_S2,2025-01-01T00:05:26.000000Z,2025-01-01T00:05:26.007146Z,7.14564323425293
LEO_P5_S2,2025-01-01T00:05:27.000000Z,2025-01-01T00:05:27.007149Z,7.148981094360352
LEO_P5_S2,2025-01-01T00:05:28.000000Z,2025-01-01T00:05:28.007152Z,7.152080535888672
LEO_P5_S2,2025-01-01T00:05:29.000000Z,2025-01-01T00:05:29.007155Z,7.155418395996094
LEO_P5_S2,2025-01-01T00:05:30.000000Z,2025-01-01T00:05:30.007159Z,7.158517837524414
LEO_P5_S2,2025-01-01T00:05:31.000000Z,2025-01-01T00:05:31.007161Z,7.161140441894531
LEO_P5_S2,2025-01-01T00:05:32.000000Z,2025-01-01T00:05:32.007164Z,7.163524627685547
LEO_P5_S2,2025-01-01T00:05:33.000000Z,2025-01-01T00:05:33.007166Z,7.166385650634766
LEO_P5_S2,2025-01-01T00:05:34.000000Z,2025-01-01T00:05:34.007169Z,7.169008255004883
LEO_P5_S2,2025-01-01T00:05:35.000000Z,2025-01-01T00:05:35.007172Z,7.171869277954102
LEO_P5_S2,2025-01-01T00:05:36.000000Z,2025-01-01T00:05:36.007175Z,7.17473030090332
LEO_P5_S2,2025-01-01T00:05:37.000000Z,2025-01-01T00:05:37.007178Z,7.177591323852539
LEO_P5_S2,2025-01-01T00:05:38.000000Z,2025-01-01T00:05:38.007180Z,7.180452346801758
LEO_P5_S2,2025-01-01T00:05:39.000000Z,2025-01-01T00:05:39.007184Z,7.183551788330078
LEO_P5_S2,2025-01-01T00:05:40.000000Z,2025-01-01T00:05:40.007187Z,7.186651229858398
LEO_P5_S2,2025-01-01T00:05:41.000000Z,2025-01-01T00:05:41.007190Z,7.189750671386719
LEO_P5_S2,2025-01-01T00:05:42.000000Z,2025-01-01T00:05:42.007193Z,7.193088531494141
LEO_P5_S2,2025-01-01T00:05:43.000000Z,2025-01-01T00:05:43.007196Z,7.196187973022461
LEO_P5_S2,2025-01-01T00:05:44.000000Z,2025-01-01T00:05:44.007200Z,7.199525833129883
LEO_P5_S2,2025-01-01T00:05:45.000000Z,2025-01-01T00:05:45.007203Z,7.203102111816406
LEO_P5_S2,2025-01-01T00:05:46.000000Z,2025-01-01T00:05:46.007206Z,7.206439971923828
LEO_P5_S2,2025-01-01T00:05:47.000000Z,2025-01-01T00:05:47.007210Z,7.210016250610352
LEO_P5_S2,2025-01-01T00:05:48.000000Z,2025-01-01T00:05:48.007214Z,7.213592529296875
LEO_P5_S2,2025-01-01T00:05:49.000000Z,2025-01-01T00:05:49.007217Z,7.217168807983398
LEO_P5_S2,2025-01-01T00:05:50.000000Z,2025-01-01T00:05:50.007221Z,7.220983505249023
LEO_P5_S2,2025-01-01T00:05:51.000000Z,2025-01-01T00:05:51.007225Z,7.224798202514648
LEO_P5_S2,2025-01-01T00:05:52.000000Z,2025-01-01T00:05:52.007229Z,7.228612899780273
LEO_P5_S2,2025-01-01T00:05:53.000000Z,2025-01-01T00:05:53.007232Z,7.232427597045898
LEO_P5_S2,2025-01-01T00:05:54.000000Z,2025-01-01T00:05:54.007236Z,7.236480712890625
LEO_P5_S2,2025-01-01T00:05:55.000000Z,2025-01-01T00:05:55.007240Z,7.24029541015625
LEO_P5_S2,2025-01-01T00:05:56.000000Z,2025-01-01T00:05:56.007245Z,7.244586944580078
LEO_P5_S2,2025-01-01T00:05:57.000000Z,2025-01-01T00:05:57.007249Z,7.248640060424805
LEO_P5_S2,2025-01-01T00:05:58.000000Z,2025-01-01T00:05:58.007253Z,7.252693176269531
LEO_P5_S2,2025-01-01T00:05:59.000000Z,2025-01-01T00:05:59.007257Z,7.256984710693359
LEO_P5_S2,2025-01-01T00:06:00.000000Z,2025-01-01T00:06:00.007261Z,7.2612762451171875
LEO_P5_S2,2025-01-01T00:06:01.000000Z,2025-01-01T00:06:01.007266Z,7.265806198120117
LEO_P5_S2,2025-01-01T00:06:02.000000Z,2025-01-01T00:06:02.007270Z,7.270097732543945
LEO_P5_S2,2025-01-01T00:06:03.000000Z,2025-01-01T00:06:03.007275Z,7.274627685546875
LEO_P5_S2,2025-01-01T00:06:04.000000Z,2025-01-01T00:06:04.007279Z,7.279157638549805
LEO_P5_S2,2025-01-01T00:06:05.000000Z,2025-01-01T00:06:05.007284Z,7.283926010131836
LEO_P5_S2,2025-01-01T00:06:06.000000Z,2025-01-01T00:06:06.007288Z,7.288455963134766
LEO_P5_S2,2025-01-01T00:06:07.000000Z,2025-01-01T00:06:07.007293Z,7.293224334716797
LEO_P5_S2,2025-01-01T00:06:08.000000Z,2025-01-01T00:06:08.007298Z,7.297992706298828
LEO_P5_S2,2025-01-01T00:06:09.000000Z,2025-01-01T00:06:09.007303Z,7.302999496459961
LEO_P5_S2,2025-01-01T00:06:10.000000Z,2025-01-01T00:06:10.007308Z,7.307767868041992
LEO_P5_S2,2025-01-01T00:06:11.000000Z,2025-01-01T00:06:11.007313Z,7.312774658203125
LEO_P5_S2,2025-01-01T00:06:12.000000Z,2025-01-01T00:06:12.007318Z,7.317781448364258
LEO_P5_S2,2025-01-01T00:06:13.000000Z,2025-01-01T00:06:13.007323Z,7.322788238525391
LEO_P5_S2,2025-01-01T00:06:14.000000Z,2025-01-01T00:06:14.007328Z,7.328033447265625
LEO_P5_S2,2025-01-01T00:06:15.000000Z,2025-01-01T00:06:15.007333Z,7.333278656005859
LEO_P5_S2,2025-01-01T00:06:16.000000Z,2025-01-01T00:06:16.007339Z,7.338523864746094
LEO_P5_S2,2025-01-01T00:06:17.000000Z,2025-01-01T00:06:17.007344Z,7.343769073486328
LEO_P5_S2,2025-01-01T00:06:18.000000Z,2025-01-01T00:06:18.007349Z,7.349252700805664
LEO_P5_S2,2025-01-01T00:06:19.000000Z,2025-01-01T00:06:19.007355Z,7.354736328125
LEO_P5_S2,2025-01-01T00:06:20.000000Z,2025-01-01T00:06:20.007360Z,7.360219955444336
LEO_P5_S2,2025-01-01T00:06:21.000000Z,2025-01-01T00:06:21.007366Z,7.365703582763672
LEO_P5_S2,2025-01-01T00:06:22.000000Z,2025-01-01T00:06:22.007371Z,7.371187210083008
LEO_P5_S2,2025-01-01T00:06:23.000000Z,2025-01-01T00:06:23.007377Z,7.376909255981445
LEO_P5_S2,2025-01-01T00:06:24.000000Z,2025-01-01T00:06:24.007383Z,7.382631301879883
LEO_P5_S2,2025-01-01T00:06:25.000000Z,2025-01-01T00:06:25.007388Z,7.38835334777832
LEO_P5_S2,2025-01-01T00:06:26.000000Z,2025-01-01T00:06:26.007394Z,7.394075393676758
LEO_P5_S2,2025-01-01T00:06:27.000000Z,2025-01-01T00:06:27.007399Z,7.399082183837891
LEO_P5_S2,2025-01-01T00:06:28.000000Z,2025-01-01T00:06:28.007404Z,7.403850555419922
LEO_P5_S2,2025-01-01T00:06:29.000000Z,2025-01-01T00:06:29.007409Z,7.409095764160156
LEO_P5_S2,2025-01-01T00:06:30.000000Z,2025-01-01T00:06:30.007414Z,7.414102554321289
LEO_P5_S2,2025-01-01T00:06:31.000000Z,2025-01-01T00:06:31.007419Z,7.419347763061523
LEO_P5_S2,2025-01-01T00:06:32.000000Z,2025-01-01T00:06:32.007424Z,7.424354553222656
LEO_P5_S2,2025-01-01T00:06:33.000000Z,2025-01-01T00:06:33.007430Z,7.429838180541992
LEO_P5_S2,2025-01-01T00:06:34.000000Z,2025-01-01T00:06:34.007435Z,7.435083389282227
LEO_P5_S2,2025-01-01T00:06:35.000000Z,2025-01-01T00:06:35.007440Z,7.440328598022461
LEO_P5_S2,2025-01-01T00:06:36.000000Z,2025-01-01T00:06:36.007446Z,7.445812225341797
LEO_P5_S2,2025-01-01T00:06:37.000000Z,2025-01-01T00:06:37.007451Z,7.451295852661133
LEO_P5_S2,2025-01-01T00:06:38.000000Z,2025-01-01T00:06:38.007457Z,7.456779479980469
LEO_P5_S2,2025-01-01T00:06:39.000000Z,2025-01-01T00:06:39.007463Z,7.462501525878906
LEO_P5_S2,2025-01-01T00:06:40.000000Z,2025-01-01T00:06:40.007468Z,7.467985153198242
LEO_P5_S2,2025-01-01T00:06:41.000000Z,2025-01-01T00:06:41.007474Z,7.47370719909668
LEO_P5_S2,2025-01-01T00:06:42.000000Z,2025-01-01T00:06:42.007479Z,7.479429244995117
LEO_P5_S2,2025-01-01T00:06:43.000000Z,2025-01-01T00:06:43.007485Z,7.485389709472656
LEO_P5_S2,2025-01-01T00:06:44.000000Z,2025-01-01T00:06:44.007491Z,7.491111755371094
LEO_P5_S2,2025-01-01T00:06:45.000000Z,2025-01-01T00:06:45.007497Z,7.497072219848633
LEO_P5_S2,2025-01-01T00:06:46.000000Z,2025-01-01T00:06:46.007503Z,7.503032684326172
LEO_P5_S2,2025-01-01T00:06:47.000000Z,2025-01-01T00:06:47.007509Z,7.508993148803711
LEO_P5_S2,2025-01-01T00:06:48.000000Z,2025-01-01T00:06:48.007515Z,7.51495361328125
LEO_P5_S2,2025-01-01T00:06:49.000000Z,2025-01-01T00:06:49.007521Z,7.521152496337891
LEO_P5_S2,2025-01-01T00:06:50.000000Z,2025-01-01T00:06:50.007527Z,7.527351379394531
LEO_P5_S2,2025-01-01T00:06:51.000000Z,2025-01-01T00:06:51.007534Z,7.533550262451172
LEO_P5_S2,2025-01-01T00:06:52.000000Z,2025-01-01T00:06:52.007540Z,7.5397491455078125
LEO_P5_S2,2025-01-01T00:06:53.000000Z,2025-01-01T00:06:53.007546Z,7.546186447143555
LEO_P5_S2,2025-01-01T00:06:54.000000Z,2025-01-01T00:06:54.007553Z,7.552623748779297
LEO_P5_S2,2025-01-01T00:06:55.000000Z,2025-01-01T00:06:55.007559Z,7.5588226318359375
LEO_P5_S2,2025-01-01T00:06:56.000000Z,2025-01-01T00:06:56.007565Z,7.565498352050781
LEO_P5_S2,2025-01-01T00:06:57.000000Z,2025-01-01T00:06:57.007572Z,7.571935653686523
LEO_P5_S2,2025-01-01T00:06:58.000000Z,2025-01-01T00:06:58.007579Z,7.578611373901367
LEO_P5_S2,2025-01-01T00:06:59.000000Z,2025-01-01T00:06:59.007585Z,7.585048675537109
LEO_P5_S2,2025-01-01T00:07:00.000000Z,2025-01-01T00:07:00.007592Z,7.591724395751953
LEO_P5_S2,2025-01-01T00:07:01.000000Z,2025-01-01T00:07:01.007599Z,7.598638534545898
LEO_P5_S2,2025-01-01T00:07:02.000000Z,2025-01-01T00:07:02.007605Z,7.605314254760742
LEO_P5_S2,2025-01-01T00:07:03.000000Z,2025-01-01T00:07:03.007612Z,7.6122283935546875
LEO_P5_S2,2025-01-01T00:07:04.000000Z,2025-01-01T00:07:04.007619Z,7.619142532348633
LEO_P5_S2,2025-01-01T00:07:05.000000Z,2025-01-01T00:07:05.007626Z,7.626056671142578
LEO_P5_S2,2025-01-01T00:07:06.000000Z,2025-01-01T00:07:06.007633Z,7.632970809936523
LEO_P5_S2,2025-01-01T00:07:07.000000Z,2025-01-01T00:07:07.007640Z,7.64012336730957
LEO_P5_S2,2025-01-01T00:07:08.000000Z,2025-01-01T00:07:08.007647Z,7.647037506103516
LEO_P5_S2,2025-01-01T00:07:09.000000Z,2025-01-01T00:07:09.007654Z,7.6541900634765625
LEO_P5_S2,2025-01-01T00:07:10.000000Z,2025-01-01T00:07:10.007661Z,7.661342620849609
LEO_P5_S2,2025-01-01T00:07:11.000000Z,2025-01-01T00:07:11.007669Z,7.668733596801758
LEO_P5_S2,2025-01-01T00:07:12.000000Z,2025-01-01T00:07:12.007676Z,7.675886154174805
LEO_P5_S2,2025-01-01T00:07:13.000000Z,2025-01-01T00:07:13.007683Z,7.683277130126953
LEO_P5_S2,2025-01-01T00:07:14.000000Z,2025-01-01T00:07:14.007691Z,7.690668106079102
LEO_P5_S2,2025-01-01T00:07:15.000000Z,2025-01-01T00:07:15.007698Z,7.69805908203125
LEO_P5_S2,2025-01-01T00:07:16.000000Z,2025-01-01T00:07:16.007705Z,7.705450057983398
LEO_P5_S2,2025-01-01T00:07:17.000000Z,2025-01-01T00:07:17.007713Z,7.713079452514648
LEO_P5_S2,2025-01-01T00:07:18.000000Z,2025-01-01T00:07:18.007721Z,7.720708847045898
LEO_P5_S2,2025-01-01T00:07:19.000000Z,2025-01-01T00:07:19.007728Z,7.728338241577148
LEO_P5_S2,2025-01-01T00:07:20.000000Z,2025-01-01T00:07:20.007736Z,7.735967636108398
LEO_P5_S2,2025-01-01T00:07:21.000000Z,2025-01-01T00:07:21.007744Z,7.743597030639648
LEO_P5_S2,2025-01-01T00:07:22.000000Z,2025-01-01T00:07:22.007751Z,7.75146484375
LEO_P5_S2,2025-01-01T00:07:23.000000Z,2025-01-01T00:07:23.007759Z,7.759332656860352
LEO_P5_S2,2025-01-01T00:07:24.000000Z,2025-01-01T00:07:24.007767Z,7.766962051391602
LEO_P5_S2,2025-01-01T00:07:25.000000Z,2025-01-01T00:07:25.007774Z,7.773876190185547
LEO_P5_S2,2025-01-01T00:07:26.000000Z,2025-01-01T00:07:26.007781Z,7.780790328979492
LEO_P5_S2,2025-01-01T00:07:27.000000Z,2025-01-01T00:07:27.007788Z,7.787942886352539
LEO_P5_S2,2025-01-01T00:07:28.000000Z,2025-01-01T00:07:28.007795Z,7.794857025146484
LEO_P5_S2,2025-01-01T00:07:29.000000Z,2025-01-01T00:07:29.007802Z,7.802009582519531
LEO_P5_S2,2025-01-01T00:07:30.000000Z,2025-01-01T00:07:30.007809Z,7.809162139892578
LEO_P5_S2,2025-01-01T00:07:31.000000Z,2025-01-01T00:07:31.007816Z,7.816314697265625
LEO_P5_S2,2025-01-01T00:07:32.000000Z,2025-01-01T00:07:32.007824Z,7.823705673217773
LEO_P5_S2,2025-01-01T00:07:33.000000Z,2025-01-01T00:07:33.007831Z,7.83085823059082
LEO_P5_S2,2025-01-01T00:07:34.000000Z,2025-01-01T00:07:34.007838Z,7.838249206542969
LEO_P5_S2,2025-01-01T00:07:35.000000Z,2025-01-01T00:07:35.007846Z,7.845640182495117
LEO_P5_S2,2025-01-01T00:07:36.000000Z,2025-01-01T00:07:36.007853Z,7.853031158447266
LEO_P5_S2,2025-01-01T00:07:37.000000Z,2025-01-01T00:07:37.007860Z,7.860422134399414
LEO_P5_S2,2025-01-01T00:07:38.000000Z,2025-01-01T00:07:38.007868Z,7.868051528930664
LEO_P5_S2,2025-01-01T00:07:39.000000Z,2025-01-01T00:07:39.007876Z,7.875680923461914
LEO_P5_S2,2025-01-01T00:07:40.000000Z,2025-01-01T00:07:40.007883Z,7.8830718994140625
LEO_P5_S2,2025-01-01T00:07:41.000000Z,2025-01-01T00:07:41.007891Z,7.8907012939453125
LEO_P5_S2,2025-01-01T00:07:42.000000Z,2025-01-01T00:07:42.007899Z,7.898569107055664
LEO_P5_S2,2025-01-01T00:07:43.000000Z,2025-01-01T00:07:43.007906Z,7.906198501586914
LEO_P5_S2,2025-01-01T00:07:44.000000Z,2025-01-01T00:07:44.007914Z,7.914066314697266
LEO_P5_S2,2025-01-01T00:07:45.000000Z,2025-01-01T00:07:45.007922Z,7.921934127807617
LEO_P5_S2,2025-01-01T00:07:46.000000Z,2025-01-01T00:07:46.007930Z,7.929801940917969
LEO_P5_S2,2025-01-01T00:07:47.000000Z,2025-01-01T00:07:47.007938Z,7.93766975402832
LEO_P5_S2,2025-01-01T00:07:48.000000Z,2025-01-01T00:07:48.007946Z,7.945537567138672
LEO_P5_S2,2025-01-01T00:07:49.000000Z,2025-01-01T00:07:49.007954Z,7.953643798828125
LEO_P5_S2,2025-01-01T00:07:50.000000Z,2025-01-01T00:07:50.007962Z,7.961511611938477
LEO_P5_S2,2025-01-01T00:07:51.000000Z,2025-01-01T00:07:51.007970Z,7.96961784362793
LEO_P5_S2,2025-01-01T00:07:52.000000Z,2025-01-01T00:07:52.007978Z,7.977724075317383
LEO_P5_S2,2025-01-01T00:07:53.000000Z,2025-01-01T00:07:53.007986Z,7.9860687255859375
LEO_P5_S2,2025-01-01T00:07:54.000000Z,2025-01-01T00:07:54.007994Z,7.994174957275391
LEO_P5_S2,2025-01-01T00:07:55.000000Z,2025-01-01T00:07:55.008003Z,8.002519607543945
LEO_P5_S2,2025-01-01T00:07:56.000000Z,2025-01-01T00:07:56.008011Z,8.0108642578125
LEO_P5_S2,2025-01-01T00:07:57.000000Z,2025-01-01T00:07:57.008019Z,8.019208908081055
LEO_P5_S2,2025-01-01T00:07:58.000000Z,2025-01-01T00:07:58.008028Z,8.02755355834961
LEO_P5_S2,2025-01-01T00:07:59.000000Z,2025-01-01T00:07:59.008036Z,8.035898208618164
LEO_P5_S2,2025-01-01T00:08:00.000000Z,2025-01-01T00:08:00.008044Z,8.04448127746582
LEO_P5_S2,2025-01-01T00:08:01.000000Z,2025-01-01T00:08:01.008053Z,8.052825927734375
LEO_P5_S2,2025-01-01T00:08:02.000000Z,2025-01-01T00:08:02.008061Z,8.061408996582031
LEO_P5_S2,2025-01-01T00:08:03.000000Z,2025-01-01T00:08:03.008070Z,8.069992065429688
LEO_P5_S2,2025-01-01T00:08:04.000000Z,2025-01-01T00:08:04.008079Z,8.078575134277344
LEO_P5_S2,2025-01-01T00:08:05.000000Z,2025-01-01T00:08:05.008087Z,8.087396621704102
LEO_P5_S2,2025-01-01T00:08:06.000000Z,2025-01-01T00:08:06.008096Z,8.095979690551758
LEO_P5_S2,2025-01-01T00:08:07.000000Z,2025-01-01T00:08:07.008105Z,8.104801177978516
LEO_P5_S2,2025-01-01T00:08:08.000000Z,2025-01-01T00:08:08.008114Z,8.113622665405273
LEO_P5_S2,2025-01-01T00:08:09.000000Z,2025-01-01T00:08:09.008122Z,8.122444152832031
LEO_P5_S2,2025-01-01T00:08:10.000000Z,2025-01-01T00:08:10.008131Z,8.131265640258789
LEO_P5_S2,2025-01-01T00:08:11.000000Z,2025-01-01T00:08:11.008140Z,8.140325546264648
LEO_P5_S2,2025-01-01T00:08:12.000000Z,2025-01-01T00:08:12.008149Z,8.149147033691406
LEO_P5_S2,2025-01-01T00:08:13.000000Z,2025-01-01T00:08:13.008158Z,8.158206939697266
LEO_P5_S2,2025-01-01T00:08:14.000000Z,2025-01-01T00:08:14.008167Z,8.167266845703125
LEO_P5_S2,2025-01-01T00:08:15.000000Z,2025-01-01T00:08:15.008176Z,8.176326751708984
LEO_P5_S2,2025-01-01T00:08:16.000000Z,2025-01-01T00:08:16.008185Z,8.185386657714844
LEO_P5_S2,2025-01-01T00:08:17.000000Z,2025-01-01T00:08:17.008195Z,8.194684982299805
LEO_P5_S2,2025-01-01T00:08:18.000000Z,2025-01-01T00:08:18.008204Z,8.203744888305664
LEO_P5_S2,2025-01-01T00:08:19.000000Z,2025-01-01T00:08:19.008213Z,8.213043212890625
LEO_P5_S2,2025-01-01T00:08:20.000000Z,2025-01-01T00:08:20.008222Z,8.222341537475586
LEO_P5_S2,2025-01-01T00:08:21.000000Z,2025-01-01T00:08:21.008232Z,8.231639862060547
LEO_P5_S2,2025-01-01T00:08:22.000000Z,2025-01-01T00:08:22.008241Z,8.240938186645508
LEO_P5_S2,2025-01-01T00:08:23.000000Z,2025-01-01T00:08:23.008250Z,8.25047492980957
LEO_P5_S2,2025-01-01T00:08:24.000000Z,2025-01-01T00:08:24.008260Z,8.259773254394531
LEO_P5_S2,2025-01-01T00:08:25.000000Z,2025-01-01T00:08:25.008269Z,8.268594741821289
LEO_P5_S2,2025-01-01T00:08:26.000000Z,2025-01-01T00:08:26.008277Z,8.276939392089844
LEO_P5_S2,2025-01-01T00:08:27.000000Z,2025-01-01T00:08:27.008286Z,8.2855224609375
LEO_P5_S2,2025-01-01T00:08:28.000000Z,2025-01-01T00:08:28.008294Z,8.294105529785156
LEO_P5_S2,2025-01-01T00:08:29.000000Z,2025-01-01T00:08:29.008303Z,8.302688598632812
LEO_P5_S2,2025-01-01T00:08:30.000000Z,2025-01-01T00:08:30.008312Z,8.31151008605957
LEO_P5_S2,2025-01-01T00:08:31.000000Z,2025-01-01T00:08:31.008320Z,8.320093154907227
LEO_P5_S2,2025-01-01T00:08:32.000000Z,2025-01-01T00:08:32.008329Z,8.328914642333984
LEO_P5_S2,2025-01-01T00:08:33.000000Z,2025-01-01T00:08:33.008337Z,8.33749771118164
LEO_P5_S2,2025-01-01T00:08:34.000000Z,2025-01-01T00:08:34.008346Z,8.346319198608398
LEO_P5_S2,2025-01-01T00:08:35.000000Z,2025-01-01T00:08:35.008355Z,8.355140686035156
LEO_P5_S2,2025-01-01T00:08:36.000000Z,2025-01-01T00:08:36.008364Z,8.364200592041016
LEO_P5_S2,2025-01-01T00:08:37.000000Z,2025-01-01T00:08:37.008373Z,8.373022079467773
LEO_P5_S2,2025-01-01T00:08:38.000000Z,2025-01-01T00:08:38.008382Z,8.382081985473633
LEO_P5_S2,2025-01-01T00:08:39.000000Z,2025-01-01T00:08:39.008391Z,8.39090347290039
LEO_P5_S2,2025-01-01T00:08:40.000000Z,2025-01-01T00:08:40.008400Z,8.39996337890625
LEO_P5_S2,2025-01-01T00:08:41.000000Z,2025-01-01T00:08:41.008409Z,8.40902328491211
LEO_P5_S2,2025-01-01T00:08:42.000000Z,2025-01-01T00:08:42.008418Z,8.418083190917969
LEO_P5_S2,2025-01-01T00:08:43.000000Z,2025-01-01T00:08:43.008427Z,8.42738151550293
LEO_P5_S2,2025-01-01T00:08:44.000000Z,2025-01-01T00:08:44.008436Z,8.436441421508789
LEO_P5_S2,2025-01-01T00:08:45.000000Z,2025-01-01T00:08:45.008446Z,8.44573974609375
LEO_P5_S2,2025-01-01T00:08:46.000000Z,2025-01-01T00:08:46.008455Z,8.45479965209961
LEO_P5_S2,2025-01-01T00:08:47.000000Z,2025-01-01T00:08:47.008464Z,8.46409797668457
LEO_P5_S2,2025-01-01T00:08:48.000000Z,2025-01-01T00:08:48.008473Z,8.473396301269531
LEO_P5_S2,2025-01-01T00:08:49.000000Z,2025-01-01T00:08:49.008483Z,8.482933044433594
LEO_P5_S2,2025-01-01T00:08:50.000000Z,2025-01-01T00:08:50.008492Z,8.492231369018555
LEO_P5_S2,2025-01-01T00:08:51.000000Z,2025-01-01T00:08:51.008502Z,8.501529693603516
LEO_P5_S2,2025-01-01T00:08:52.000000Z,2025-01-01T00:08:52.008511Z,8.511066436767578
LEO_P5_S2,2025-01-01T00:08:53.000000Z,2025-01-01T00:08:53.008521Z,8.52060317993164
LEO_P5_S2,2025-01-01T00:08:54.000000Z,2025-01-01T00:08:54.008530Z,8.530139923095703
LEO_P5_S2,2025-01-01T00:08:55.000000Z,2025-01-01T00:08:55.008540Z,8.539676666259766
LEO_P5_S2,2025-01-01T00:08:56.000000Z,2025-01-01T00:08:56.008549Z,8.549213409423828
LEO_P5_S2,2025-01-01T00:08:57.000000Z,2025-01-01T00:08:57.008559Z,8.55875015258789
LEO_P5_S2,2025-01-01T00:08:58.000000Z,2025-01-01T00:08:58.008569Z,8.568525314331055
LEO_P5_S2,2025-01-01T00:08:59.000000Z,2025-01-01T00:08:59.008578Z,8.578300476074219
LEO_P5_S2,2025-01-01T00:09:00.000000Z,2025-01-01T00:09:00.008588Z,8.587837219238281
LEO_P5_S2,2025-01-01T00:09:01.000000Z,2025-01-01T00:09:01.008598Z,8.597612380981445
LEO_P5_S2,2025-01-01T00:09:02.000000Z,2025-01-01T00:09:02.008607Z,8.60738754272461
LEO_P5_S2,2025-01-01T00:09:03.000000Z,2025-01-01T00:09:03.008617Z,8.617401123046875
LEO_P5_S2,2025-01-01T00:09:04.000000Z,2025-01-01T00:09:04.008627Z,8.627176284790039
LEO_P5_S2,2025-01-01T00:09:05.000000Z,2025-01-01T00:09:05.008637Z,8.637189865112305
LEO_P5_S2,2025-01-01T00:09:06.000000Z,2025-01-01T00:09:06.008647Z,8.646965026855469
LEO_P5_S2,2025-01-01T00:09:07.000000Z,2025-01-01T00:09:07.008657Z,8.656978607177734
LEO_P5_S2,2025-01-01T00:09:08.000000Z,2025-01-01T00:09:08.008667Z,8.6669921875
LEO_P5_S2,2025-01-01T00:09:09.000000Z,2025-01-01T00:09:09.008677Z,8.677005767822266
LEO_P5_S2,2025-01-01T00:09:10.000000Z,2025-01-01T00:09:10.008687Z,8.687019348144531
LEO_P5_S2,2025-01-01T00:09:11.000000Z,2025-01-01T00:09:11.008697Z,8.697271347045898
LEO_P5_S2,2025-01-01T00:09:12.000000Z,2025-01-01T00:09:12.008707Z,8.707284927368164
LEO_P5_S2,2025-01-01T00:09:13.000000Z,2025-01-01T00:09:13.008718Z,8.717536926269531
LEO_P5_S2,2025-01-01T00:09:14.000000Z,2025-01-01T00:09:14.008728Z,8.727788925170898
LEO_P5_S2,2025-01-01T00:09:15.000000Z,2025-01-01T00:09:15.008738Z,8.737802505493164
LEO_P5_S2,2025-01-01T00:09:16.000000Z,2025-01-01T00:09:16.008748Z,8.748054504394531
LEO_P5_S2,2025-01-01T00:09:17.000000Z,2025-01-01T00:09:17.008759Z,8.758544921875
LEO_P5_S2,2025-01-01T00:09:18.000000Z,2025-01-01T00:09:18.008769Z,8.768796920776367
LEO_P5_S2,2025-01-01T00:09:19.000000Z,2025-01-01T00:09:19.008779Z,8.779048919677734
LEO_P5_S2,2025-01-01T00:09:20.000000Z,2025-01-01T00:09:20.008790Z,8.789539337158203
LEO_P5_S2,2025-01-01T00:09:21.000000Z,2025-01-01T00:09:21.008800Z,8.800029754638672
LEO_P5_S2,2025-01-01T00:09:22.000000Z,2025-01-01T00:09:22.008810Z,8.810281753540039
LEO_P5_S2,2025-01-01T00:09:23.000000Z,2025-01-01T00:09:23.008821Z,8.820772171020508
LEO_P5_S2,2025-01-01T00:09:24.000000Z,2025-01-01T00:09:24.008832Z,8.831501007080078
LEO_P5_S2,2025-01-01T00:09:25.000000Z,2025-01-01T00:09:25.008842Z,8.841991424560547
LEO_P5_S2,2025-01-01T00:09:26.000000Z,2025-01-01T00:09:26.008852Z,8.852481842041016
LEO_P5_S2,2025-01-01T00:09:27.000000Z,2025-01-01T00:09:27.008863Z,8.862972259521484
LEO_P5_S2,2025-01-01T00:09:28.000000Z,2025-01-01T00:09:28.008873Z,8.872747421264648
LEO_P5_S2,2025-01-01T00:09:29.000000Z,2025-01-01T00:09:29.008882Z,8.882284164428711
LEO_P5_S2,2025-01-01T00:09:30.000000Z,2025-01-01T00:09:30.008892Z,8.892059326171875
LEO_P5_S2,2025-01-01T00:09:31.000000Z,2025-01-01T00:09:31.008902Z,8.901834487915039
LEO_P5_S2,2025-01-01T00:09:32.000000Z,2025-01-01T00:09:32.008911Z,8.911371231079102
LEO_P5_S2,2025-01-01T00:09:33.000000Z,2025-01-01T00:09:33.008921Z,8.921146392822266
LEO_P5_S2,2025-01-01T00:09:34.000000Z,2025-01-01T00:09:34.008931Z,8.931159973144531
LEO_P5_S2,2025-01-01T00:09:35.000000Z,2025-01-01T00:09:35.008941Z,8.940935134887695
LEO_P5_S2,2025-01-01T00:09:36.000000Z,2025-01-01T00:09:36.008951Z,8.95071029663086
LEO_P5_S2,2025-01-01T00:09:37.000000Z,2025-01-01T00:09:37.008961Z,8.960723876953125
LEO_P5_S2,2025-01-01T00:09:38.000000Z,2025-01-01T00:09:38.008970Z,8.970499038696289
LEO_P5_S2,2025-01-01T00:09:39.000000Z,2025-01-01T00:09:39.008981Z,8.980512619018555
LEO_P5_S2,2025-01-01T00:09:40.000000Z,2025-01-01T00:09:40.008991Z,8.99052619934082
LEO_P5_S2,2025-01-01T00:09:41.000000Z,2025-01-01T00:09:41.009001Z,9.000539779663086
LEO_P5_S2,2025-01-01T00:09:42.000000Z,2025-01-01T00:09:42.009011Z,9.010553359985352
LEO_P5_S2,2025-01-01T00:09:43.000000Z,2025-01-01T00:09:43.009021Z,9.020566940307617
LEO_P5_S2,2025-01-01T00:09:44.000000Z,2025-01-01T00:09:44.009031Z,9.030818939208984
LEO_P5_S2,2025-01-01T00:09:45.000000Z,2025-01-01T00:09:45.009041Z,9.04083251953125
LEO_P5_S2,2025-01-01T00:09:46.000000Z,2025-01-01T00:09:46.009051Z,9.051084518432617
LEO_P5_S2,2025-01-01T00:09:47.000000Z,2025-01-01T00:09:47.009061Z,9.061336517333984
LEO_P5_S2,2025-01-01T00:09:48.000000Z,2025-01-01T00:09:48.009072Z,9.071588516235352
LEO_P5_S2,2025-01-01T00:09:49.000000Z,2025-01-01T00:09:49.009082Z,9.081840515136719
LEO_P5_S2,2025-01-01T00:09:50.000000Z,2025-01-01T00:09:50.009092Z,9.092092514038086
LEO_P5_S2,2025-01-01T00:09:51.000000Z,2025-01-01T00:09:51.009102Z,9.102344512939453
LEO_P5_S2,2025-01-01T00:09:52.000000Z,2025-01-01T00:09:52.009113Z,9.11259651184082
LEO_P5_S2,2025-01-01T00:09:53.000000Z,2025-01-01T00:09:53.009123Z,9.123086929321289
LEO_P5_S2,2025-01-01T00:09:54.000000Z,2025-01-01T00:09:54.009133Z,9.133338928222656
LEO_P5_S2,2025-01-01T00:09:55.000000Z,2025-01-01T00:09:55.009144Z,9.143829345703125
LEO_P5_S2,2025-01-01T00:09:56.000000Z,2025-01-01T00:09:56.009154Z,9.154319763183594
LEO_P5_S2,2025-01-01T00:09:57.000000Z,2025-01-01T00:09:57.009165Z,9.164810180664062
LEO_P5_S2,2025-01-01T00:09:58.000000Z,2025-01-01T00:09:58.009175Z,9.175300598144531
LEO_P5_S2,2025-01-01T00:09:59.000000Z,2025-01-01T00:09:59.009186Z,9.185791015625
LEO_P5_S2,2025-01-01T00:10:00.000000Z,2025-01-01T00:10:00.009196Z,9.196281433105469
LEO_P5_S2,2025-01-01T00:10:01.000000Z,2025-01-01T00:10:01.009207Z,9.207010269165039
LEO_P5_S2,2025-01-01T00:10:02.000000Z,2025-01-01T00:10:02.009218Z,9.217500686645508
LEO_P5_S2,2025-01-01T00:10:03.000000Z,2025-01-01T00:10:03.009228Z,9.228229522705078
LEO_P5_S2,2025-01-01T00:10:04.000000Z,2025-01-01T00:10:04.009239Z,9.238958358764648
LEO_P5_S2,2025-01-01T00:10:05.000000Z,2025-01-01T00:10:05.009250Z,9.249687194824219
LEO_P5_S2,2025-01-01T00:10:06.000000Z,2025-01-01T00:10:06.009260Z,9.260416030883789
LEO_P5_S2,2025-01-01T00:10:07.000000Z,2025-01-01T00:10:07.009271Z,9.27114486694336
LEO_P5_S2,2025-01-01T00:10:08.000000Z,2025-01-01T00:10:08.009282Z,9.28187370300293
LEO_P5_S2,2025-01-01T00:10:09.000000Z,2025-01-01T00:10:09.009293Z,9.2926025390625
LEO_P5_S2,2025-01-01T00:10:10.000000Z,2025-01-01T00:10:10.009304Z,9.303569793701172
LEO_P5_S2,2025-01-01T00:10:11.000000Z,2025-01-01T00:10:11.009314Z,9.314298629760742
LEO_P5_S2,2025-01-01T00:10:12.000000Z,2025-01-01T00:10:12.009325Z,9.325265884399414
LEO_P5_S2,2025-01-01T00:10:13.000000Z,2025-01-01T00:10:13.009336Z,9.336233139038086
LEO_P5_S2,2025-01-01T00:10:14.000000Z,2025-01-01T00:10:14.009347Z,9.347200393676758
LEO_P5_S2,2025-01-01T00:10:15.000000Z,2025-01-01T00:10:15.009358Z,9.35816764831543
LEO_P5_S2,2025-01-01T00:10:16.000000Z,2025-01-01T00:10:16.009369Z,9.369134902954102
LEO_P5_S2,2025-01-01T00:10:17.000000Z,2025-01-01T00:10:17.009380Z,9.380102157592773
LEO_P5_S2,2025-01-01T00:10:18.000000Z,2025-01-01T00:10:18.009391Z,9.391069412231445
LEO_P5_S2,2025-01-01T00:10:19.000000Z,2025-01-01T00:10:19.009402Z,9.402275085449219
LEO_P5_S2,2025-01-01T00:10:20.000000Z,2025-01-01T00:10:20.009413Z,9.41324234008789
LEO_P5_S2,2025-01-01T00:10:21.000000Z,2025-01-01T00:10:21.009424Z,9.424448013305664
LEO_P5_S2,2025-01-01T00:10:22.000000Z,2025-01-01T00:10:22.009436Z,9.435653686523438
LEO_P5_S2,2025-01-01T00:10:23.000000Z,2025-01-01T00:10:23.009447Z,9.446859359741211
LEO_P5_S2,2025-01-01T00:10:24.000000Z,2025-01-01T00:10:24.009458Z,9.458065032958984
LEO_P5_S2,2025-01-01T00:10:25.000000Z,2025-01-01T00:10:25.009469Z,9.469270706176758
LEO_P5_S2,2025-01-01T00:10:26.000000Z,2025-01-01T00:10:26.009480Z,9.480476379394531
LEO_P5_S2,2025-01-01T00:10:27.000000Z,2025-01-01T00:10:27.009492Z,9.491682052612305
LEO_P5_S2,2025-01-01T00:10:28.000000Z,2025-01-01T00:10:28.009503Z,9.50312614440918
LEO_P5_S2,2025-01-01T00:10:29.000000Z,2025-01-01T00:10:29.009514Z,9.514331817626953
LEO_P5_S2,2025-01-01T00:10:30.000000Z,2025-01-01T00:10:30.009526Z,9.525775909423828
LEO_P5_S2,2025-01-01T00:10:31.000000Z,2025-01-01T00:10:31.009537Z,9.537220001220703
LEO_P5_S2,2025-01-01T00:10:32.000000Z,2025-01-01T00:10:32.009548Z,9.548425674438477
LEO_P5_S2,2025-01-01T00:10:33.000000Z,2025-01-01T00:10:33.009559Z,9.558916091918945
LEO_P5_S2,2025-01-01T00:10:34.000000Z,2025-01-01T00:10:34.009569Z,9.569406509399414
LEO_P5_S2,2025-01-01T00:10:35.000000Z,2025-01-01T00:10:35.009580Z,9.579896926879883
LEO_P5_S2,2025-01-01T00:10:36.000000Z,2025-01-01T00:10:36.009590Z,9.590387344360352
